{
    "Version": "2012-10-17",
    "Statement": [
        {
            "Effect": "Allow",
            "Action": "logs:CreateLogGroup",
            "Resource": "arn:aws:logs:us-east-2:*:*"
        },
        {
            "Effect": "Allow",
            "Action": [
                "logs:CreateLogStream",
                "logs:PutLogEvents"
            ],
            "Resource": [
                "arn:aws:logs:us-east-2:*:log-group:/aws/lambda/get-groups:*"
            ]
        },
        {
            "Effect": "Allow",
            "Action": [
                "dynamodb:Scan"
            ],
            "Resource": [
                "arn:aws:dynamodb:us-east-2:*:table/Groups"
            ]
        }
    ]
}
